{"cameraMode":{"drawMode":0,"name":"Shaded","section":"Shading Mode"},"sceneLighting":true,"audioPlay":false,"sceneViewState":{"m_AlwaysRefresh":false,"showFog":true,"showSkybox":true,"showFlares":true,"showImageEffects":true,"showParticleSystems":true,"showVisualEffectGraphs":true,"m_FxEnabled":true},"in2DMode":false,"pivot":{"x":79.88016510009766,"y":37.22441482543945,"z":198.97230529785157},"rotation":{"x":0.059449952095746997,"y":-0.6446342468261719,"z":0.05039365217089653,"w":0.7606303095817566},"size":0.8660253882408142,"orthographic":false}