{"cameraMode":{"drawMode":0,"name":"Shaded","section":"Shading Mode"},"sceneLighting":false,"audioPlay":false,"sceneViewState":{"m_AlwaysRefresh":false,"showFog":true,"showSkybox":true,"showFlares":true,"showImageEffects":true,"showParticleSystems":true,"showVisualEffectGraphs":true,"m_FxEnabled":true},"in2DMode":false,"pivot":{"x":78.74932098388672,"y":33.703887939453128,"z":200.87611389160157},"rotation":{"x":0.3896813988685608,"y":0.22784441709518434,"z":-0.09996987134218216,"w":0.8867528438568115},"size":2.1954798698425295,"orthographic":false}