{"cameraMode":{"drawMode":0,"name":"Shaded","section":"Shading Mode"},"sceneLighting":false,"audioPlay":false,"sceneViewState":{"m_AlwaysRefresh":false,"showFog":true,"showSkybox":false,"showFlares":true,"showImageEffects":true,"showParticleSystems":true,"showVisualEffectGraphs":true,"m_FxEnabled":false},"in2DMode":false,"pivot":{"x":-0.5073508024215698,"y":1.3704321384429932,"z":0.9378695487976074},"rotation":{"x":0.2632378935813904,"y":0.5375128388404846,"z":-0.17942722141742707,"w":0.7815622687339783},"size":1.1224972009658814,"orthographic":false}