{"cameraMode":{"drawMode":0,"name":"Shaded","section":"Shading Mode"},"sceneLighting":false,"audioPlay":false,"sceneViewState":{"m_AlwaysRefresh":false,"showFog":true,"showSkybox":false,"showFlares":true,"showImageEffects":true,"showParticleSystems":true,"showVisualEffectGraphs":true,"m_FxEnabled":false},"in2DMode":false,"pivot":{"x":1.1662044525146485,"y":0.35982322692871096,"z":2.402268409729004},"rotation":{"x":0.1553577035665512,"y":0.04815925657749176,"z":-0.006213285028934479,"w":0.9872971177101135},"size":7.1446123123168949,"orthographic":false}