{"cameraMode":{"drawMode":0,"name":"Shaded","section":"Shading Mode"},"sceneLighting":false,"audioPlay":false,"sceneViewState":{"m_AlwaysRefresh":false,"showFog":true,"showSkybox":false,"showFlares":true,"showImageEffects":true,"showParticleSystems":true,"showVisualEffectGraphs":true,"m_FxEnabled":false},"in2DMode":false,"pivot":{"x":-0.31772422790527346,"y":3.3963162899017336,"z":-0.09178578853607178},"rotation":{"x":-0.002093259012326598,"y":0.7530416250228882,"z":-0.00384891452267766,"w":0.6591627597808838},"size":4.383521556854248,"orthographic":false}