{"cameraMode":{"drawMode":0,"name":"Shaded","section":"Shading Mode"},"sceneLighting":true,"audioPlay":false,"sceneViewState":{"showFog":true,"showMaterialUpdate":false,"showSkybox":true,"showFlares":true,"showImageEffects":true,"showParticleSystems":true},"in2DMode":false,"pivot":{"x":71.5973892211914,"y":9.932707786560059,"z":-49.0601692199707},"rotation":{"x":0.035886261612176898,"y":0.7724867463111877,"z":-0.6325180530548096,"w":0.04389534518122673},"size":32.68858337402344,"orthographic":false}