{"cameraMode":{"drawMode":0,"name":"Shaded","section":"Shading Mode"},"sceneLighting":true,"audioPlay":false,"sceneViewState":{"m_AlwaysRefresh":false,"showFog":true,"showSkybox":true,"showFlares":true,"showImageEffects":true,"showParticleSystems":true,"showVisualEffectGraphs":true,"m_FxEnabled":true},"in2DMode":false,"pivot":{"x":-28.480112075805665,"y":19.461227416992189,"z":118.30160522460938},"rotation":{"x":0.19333423674106599,"y":-0.0625796839594841,"z":0.014459280297160149,"w":0.979459822177887},"size":115.68689727783203,"orthographic":false}