{"cameraMode":{"drawMode":0,"name":"Shaded","section":"Shading Mode"},"sceneLighting":true,"audioPlay":false,"sceneViewState":{"m_AlwaysRefresh":false,"showFog":true,"showSkybox":true,"showFlares":true,"showImageEffects":true,"showParticleSystems":true,"showVisualEffectGraphs":true,"m_FxEnabled":false},"in2DMode":false,"pivot":{"x":51.215171813964847,"y":90.65907287597656,"z":18.754911422729493},"rotation":{"x":0.23109090328216554,"y":0.7305547595024109,"z":-0.29017335176467898,"w":0.5742358565330505},"size":18.828752517700197,"orthographic":false}