{"cameraMode":{"drawMode":0,"name":"Shaded","section":"Shading Mode"},"sceneLighting":true,"audioPlay":false,"sceneViewState":{"m_AlwaysRefresh":false,"showFog":true,"showSkybox":true,"showFlares":true,"showImageEffects":true,"showParticleSystems":true,"showVisualEffectGraphs":true,"m_FxEnabled":false},"in2DMode":false,"pivot":{"x":14.320385932922364,"y":15.388225555419922,"z":20.98879623413086},"rotation":{"x":-0.06735114008188248,"y":0.13854341208934785,"z":-0.012306129559874535,"w":-0.9887301325798035},"size":19.37441062927246,"orthographic":false}