{"cameraMode":{"drawMode":0,"name":"Shaded","section":"Shading Mode"},"sceneLighting":true,"audioPlay":false,"sceneViewState":{"m_AlwaysRefresh":false,"showFog":true,"showSkybox":true,"showFlares":true,"showImageEffects":true,"showParticleSystems":true,"showVisualEffectGraphs":true,"m_FxEnabled":true},"in2DMode":false,"pivot":{"x":10.694490432739258,"y":4.2144389152526859,"z":-37.212223052978519},"rotation":{"x":-0.18681080639362336,"y":-0.5570027828216553,"z":0.13034555315971375,"w":-0.7986897230148315},"size":12.679222106933594,"orthographic":false}