{"cameraMode":{"drawMode":0,"name":"Shaded","section":"Shading Mode"},"sceneLighting":true,"audioPlay":false,"sceneViewState":{"m_AlwaysRefresh":false,"showFog":true,"showSkybox":true,"showFlares":true,"showImageEffects":true,"showParticleSystems":true,"showVisualEffectGraphs":true,"m_FxEnabled":false},"in2DMode":false,"pivot":{"x":-12.544267654418946,"y":-31.259254455566408,"z":-4.782694339752197},"rotation":{"x":0.3091261088848114,"y":-0.6895425915718079,"z":0.46035125851631167,"w":0.46703803539276125},"size":18.828752517700197,"orthographic":false}