{"cameraMode":{"drawMode":0,"name":"Shaded","section":"Shading Mode"},"sceneLighting":true,"audioPlay":false,"sceneViewState":{"m_AlwaysRefresh":false,"showFog":true,"showSkybox":true,"showFlares":true,"showImageEffects":true,"showParticleSystems":true,"showVisualEffectGraphs":true,"m_FxEnabled":false},"in2DMode":false,"pivot":{"x":23.191986083984376,"y":6.042394161224365,"z":17.72261619567871},"rotation":{"x":0.41491973400115969,"y":0.0068902065977454189,"z":0.0004500952491071075,"w":0.9106382131576538},"size":19.37441062927246,"orthographic":false}