{"cameraMode":{"drawMode":0,"name":"Shaded","section":"Shading Mode"},"sceneLighting":true,"audioPlay":false,"sceneViewState":{"m_AlwaysRefresh":false,"showFog":true,"showSkybox":true,"showFlares":true,"showImageEffects":true,"showParticleSystems":true,"showVisualEffectGraphs":true,"m_FxEnabled":false},"in2DMode":false,"pivot":{"x":75.17555236816406,"y":18.757692337036134,"z":-94.59623718261719},"rotation":{"x":-0.0014771458227187396,"y":0.9865522384643555,"z":-0.16555625200271607,"w":-0.02263295091688633},"size":22.627416610717775,"orthographic":false}