{"cameraMode":{"drawMode":0,"name":"Shaded","section":"Shading Mode"},"sceneLighting":true,"audioPlay":false,"sceneViewState":{"m_AlwaysRefresh":false,"showFog":true,"showSkybox":true,"showFlares":true,"showImageEffects":true,"showParticleSystems":true,"showVisualEffectGraphs":true,"m_FxEnabled":false},"in2DMode":false,"pivot":{"x":20.593772888183595,"y":-60.578216552734378,"z":21.04608154296875},"rotation":{"x":0.07979676872491837,"y":-0.8768814206123352,"z":0.45200902223587038,"w":0.14875146746635438},"size":137.36329650878907,"orthographic":false}