{"cameraMode":{"drawMode":0,"name":"Shaded","section":"Shading Mode"},"sceneLighting":true,"audioPlay":false,"sceneViewState":{"m_AlwaysRefresh":false,"showFog":true,"showSkybox":true,"showFlares":true,"showImageEffects":true,"showParticleSystems":true,"showVisualEffectGraphs":true,"m_FxEnabled":true},"in2DMode":false,"pivot":{"x":50.04579544067383,"y":33.629329681396487,"z":-15.294750213623047},"rotation":{"x":0.17389172315597535,"y":-0.8245311379432678,"z":0.3918266296386719,"w":0.37052395939826968},"size":2.4423980712890627,"orthographic":false}