{"cameraMode":{"drawMode":0,"name":"Shaded","section":"Shading Mode"},"sceneLighting":true,"audioPlay":false,"sceneViewState":{"m_AlwaysRefresh":false,"showFog":true,"showSkybox":true,"showFlares":true,"showImageEffects":true,"showParticleSystems":true,"showVisualEffectGraphs":true,"m_FxEnabled":true},"in2DMode":false,"pivot":{"x":115.11644744873047,"y":80.161376953125,"z":-46.507991790771487},"rotation":{"x":-0.2415919452905655,"y":0.0034235604107379915,"z":-0.0023956899531185629,"w":-0.9707853198051453},"size":3.1115307807922365,"orthographic":false}