{"cameraMode":{"drawMode":1,"name":"Wireframe","section":"Shading Mode"},"sceneLighting":true,"audioPlay":false,"sceneViewState":{"m_AlwaysRefresh":false,"showFog":true,"showSkybox":true,"showFlares":true,"showImageEffects":true,"showParticleSystems":true,"showVisualEffectGraphs":true,"m_FxEnabled":true},"in2DMode":false,"pivot":{"x":28.977354049682618,"y":19.848613739013673,"z":11.702335357666016},"rotation":{"x":0.10222362726926804,"y":0.7011415958404541,"z":-0.09872990846633911,"w":0.6993266344070435},"size":22.627416610717775,"orthographic":false}